image_name,x1,x2,y1,y2
JPEG_20160706_121146_1000145715002.png,115,495,143,325
JPEG_20161119_174038_1000690577600.png,23,457,61,409
147444927651111470309333776-Roadster-Men-Casual-Shoes-3041470309333487-1.png,37,601,13,470
147772332675720161028_161611.png,27,602,162,385
1473315333651DeeplearnS11638.png,60,586,174,325
JPEG_20161129_143914_1000304878557.png,35,549,37,442
JPEG_20161028_100621_1000815239330.png,77,558,86,434
1475060075141DSC02381.png,50,627,95,320
1473317734429DeeplearnS142.png,104,552,83,428
JPEG_20160607_153530_1000669241198.png,134,500,67,429
JPEG_20160627_154106_1000265795536.png,99,524,80,294
JPEG_20161129_134328_1000772650224.png,59,587,110,395
JPEG_20161201_123114_1000360160859.png,52,625,142,304
JPEG_20160621_155815_1000614998565.png,179,465,41,416
147771721999620161028_150629.png,77,481,79,444
1480066865683IMG_0157.png,85,449,160,338
147772025319520161028_151915.png,22,613,150,354
147742629330620161025_155320.png,125,499,20,268
JPEG_20160527_155124_1000980290136.png,154,467,0,480
JPEG_20161028_121752_10003102030.png,134,546,161,349
1474638701993DSC06811.png,161,573,43,382
JPEG_20160628_132442_1000306311172.png,114,542,125,372
147742527128620161025_151026.png,42,479,119,364
1480944963239_R2A1990.png,226,421,254,347
JPEG_20160804_161517_100037187045.png,28,602,48,423
JPEG_20160709_131920_1000403949668.png,24,477,19,472
1474711748206DSC07405.png,65,609,107,334
JPEG_20161124_133940_1000370433134.png,209,389,27,438
JPEG_20161123_185817_1000936746234.png,175,486,164,299
JPEG_20160723_192023_100022810186.png,0,640,0,440
JPEG_20161123_161917_1000691245413.png,266,357,73,392
147772062874720161028_154604.png,86,566,92,338
1474634407232DSC05920.png,30,611,53,324
JPEG_20160810_135200_1000252350484.png,199,487,146,420
JPEG_20161130_151625_1000513274539.png,34,601,70,382
1473661629179DeeplearnS11509.png,60,583,152,332
JPEG_20161117_175829_1000670753549.png,234,362,145,349
JPEG_20161123_184340_1000982358317.png,112,483,169,337
147443993217111472450523339-Roadster-Men-Grey-Sneakers-4751472450523145-5.png,30,640,59,436
JPEG_20161025_131729_1000643972377.png,137,488,62,433
JPEG_20161126_164712_1000236939160.png,64,602,149,324
1473750236513IMG_1108.png,88,559,168,335
1472629089402zoom1-Copy.png,34,607,107,399
JPEG_20160704_172116_1000861608634.png,94,567,158,324
JPEG_20161201_160357_1000965016556.png,131,529,38,470
1480965215775IMG_3062.png,181,471,62,448
147772172258320161028_161511.png,72,583,45,343
1480951436923_R2A2137.png,217,434,94,411
JPEG_20161028_142637_1000923172242.png,49,613,83,417
JPEG_20161118_150700_1000506466445.png,173,473,45,417
1473662891981DeeplearnS11359.png,71,572,126,357
JPEG_20161203_132254_1000178670601.png,175,509,24,418
JPEG_20161130_132113_1000907499945.png,125,428,48,447
JPEG_20160706_111526_1000476009087.png,112,536,166,289
JPEG_20160715_140239_1000265718556.png,69,500,148,342
1480970876761IMG_3438.png,188,462,50,461
JPEG_20161209_183557_1000364935730.png,103,631,165,361
JPEG_20160709_133325_1000574614398.png,178,454,142,346
JPEG_20161130_182253_1000427105105.png,161,548,197,292
147324145353520150407070610PR_Utility_Corner.png,16,626,78,406
1480584645523IMG_20161129_210604.png,43,624,57,393
JPEG_20160820_150657_1000701546226.png,162,609,117,340
JPEG_20160704_133610_100024164384.png,88,562,187,291
JPEG_20160820_131434_1000670423083.png,216,474,63,464
JPEG_20161124_164003_1000351544496.png,134,477,73,421
JPEG_20160810_164006_100032155769.png,160,449,31,446
JPEG_20160711_163048_1000163114709.png,226,421,26,418
1474702968408DSC07152.png,90,575,18,254
JPEG_20161202_161734_1000493518513.png,47,558,103,404
1480339688516_R2A4219.png,249,387,36,432
1474700674755DSC06986.png,65,562,40,437
JPEG_20161202_185429_1000409274383.png,187,493,0,465
147753843170620161026_114700.png,66,535,128,331
JPEG_20161130_171321_1000383001035.png,22,640,303,372
1468667661276JPEG_20160712_153232_1000659454586.png,172,538,91,350
147754502791020161026_134821.png,112,538,141,331
JPEG_20161209_140236_1000244431439.png,92,496,12,438
JPEG_20161123_131743_1000303566438.png,179,552,94,387
1475151510767DSC00648.png,31,579,135,356
1473231590181DeeplearnS11478.png,57,595,149,344
JPEG_20160622_152616_1000246548412.png,118,456,100,451
JPEG_20161123_174933_1000591803081.png,230,435,109,379
JPEG_20160627_120032_1000157611172.png,175,574,149,326
JPEG_20161129_140105_1000238002257.png,0,556,111,412
JPEG_20161130_163343_1000584596767.png,16,573,134,344
JPEG_20161120_122526_1000504155878.png,76,500,161,316
147333272630551848fam_XXX_v1.png,26,613,117,360
1480598143958_R2A5475.png,269,567,26,450
147445006893011473243520067-Roadster-Men-Grey-Solid-Regular-Sneakers-4861473243519759-1.png,33,605,43,461
JPEG_20161117_154402_1000938208918.png,0,640,0,480
JPEG_20160706_134313_1000410138823.png,139,523,169,301
JPEG_20160709_165812_1000564427158.png,174,522,66,346
JPEG_20160624_121957_1000459474116.png,97,578,76,385
JPEG_20161124_133528_1000185390193.png,75,524,106,397
JPEG_20160706_125859_1000274341962.png,191,606,152,317
1480512968076IMG_0412.png,32,535,120,339
1468666251726JPEG_20160712_160009_1000251747543.png,183,409,59,375
JPEG_20161007_135059_1000222185857.png,123,469,84,452
JPEG_20161130_133959_1000464262572.png,89,490,70,422
JPEG_20160810_161133_1000581994627.png,144,541,107,331
JPEG_20160628_124702_1000505542601.png,111,521,122,363
JPEG_20161129_150936_1000393497042.png,93,529,125,394
1480511233195IMG_0235.png,61,509,107,344
JPEG_20160628_135049_10009176618.png,70,499,130,357
JPEG_20160701_170744_1000644499556.png,81,451,94,342
147444938626911473248947651-Roadster-Men-Navy-Blue-Colourblock-High-tops-Sneakers-1911473248947570-3.png,104,570,27,465
JPEG_20160527_150734_1000222166008.png,85,527,90,404
1480331587041_R2A3310.png,127,495,88,394
JPEG_20161130_152414_1000255022343.png,14,442,0,480
JPEG_20160805_191905_1000717265087.png,46,609,36,387
JPEG_20160629_130029_1000998144872.png,156,434,98,425
JPEG_20161208_144539_1000835776874.png,131,547,162,321
147443999140711472450530096-Roadster-Men-Green-Sneakers-2941472450529909-5.png,41,640,46,390
JPEG_20160712_100904_1000258160066.png,224,401,57,463
147771702842620161028_142634.png,117,569,86,364
JPEG_20160706_111316_1000941505785.png,115,505,139,332
1480948840208_R2A2068.png,234,490,57,416
1475072837222DSC00032.png,205,428,42,425
14582089767602.png,219,415,103,375
JPEG_20161107_131354_100060427308.png,182,425,120,356
1475008485626DSC019661.png,130,500,120,402
1472628881460m_superfeet_outside_iron_03.png,91,567,211,428
147324042337550145_XXX_v2.png,75,567,20,460
1473665043324DeeplearnS11399.png,66,577,137,329
1473747871312IMG_0497.png,253,490,98,347
1480584541638IMG_20161129_205413.png,53,636,84,356
JPEG_20161210_164334_1000645429361.png,51,587,192,285
JPEG_20161126_122035_1000222459428.png,41,605,152,291
JPEG_20161118_140556_1000268285309.png,3,638,92,459
JPEG_20160702_154627_1000758211756.png,119,530,166,297
JPEG_20160620_175214_1000696482644.png,67,583,90,413
JPEG_20161124_145825_1000831874272.png,89,546,164,323
1475157814107DSC07217.png,48,620,100,356
147336128072022.png,74,560,119,365
1474711716902DSC07401.png,112,526,73,405
1474631965955DSC06123.png,70,614,7,445
1473662422298DeeplearnS11519.png,0,612,47,429
JPEG_20160629_100125_1000586385953.png,184,484,129,438
1480931570886_R2A1790.png,168,372,74,431
147772315832120161028_165044.png,125,566,142,340
JPEG_20161028_133943_1000545335019.png,74,556,73,280
JPEG_20160810_165105_100056835840.png,170,482,90,462
JPEG_20160607_143158_1000351869520.png,205,462,49,389
JPEG_20160810_122340_1000198372247.png,86,553,189,302
JPEG_20160513_141029_1000763710105.png,150,483,76,401
1480937828708_R2A1869.png,198,390,68,409
148053366832120161126_210805.png,164,499,170,284
1468667871410JPEG_20160712_150701_1000332170546.png,165,537,97,467
1472628832708m_superfeet_outside_bison_02.png,14,623,195,415
JPEG_20161125_184352_1000788109228.png,76,572,93,380
JPEG_20161118_170718_1000288928340.png,225,441,52,379
1474723206450DSC07692.png,238,404,15,472
JPEG_20160701_143703_1000487501924.png,187,587,76,374
1475155751365DSC08156.png,224,448,58,428
JPEG_20160711_104207_1000266343182.png,252,396,96,437
1475062080711DSC00203.png,65,591,40,415
JPEG_20160711_101845_1000617416742.png,211,451,105,375
JPEG_20161123_161335_1000404015248.png,263,381,10,434
JPEG_20161007_162000_1000769074029.png,1,558,121,382
JPEG_20161205_164337_1000853568478.png,63,556,30,446
JPEG_20160706_150318_1000822251924.png,79,479,174,294
1474715926216DSC07762.png,238,436,89,409
147771741216920161028_142805.png,144,525,72,430
1474633834706DSC05987.png,62,546,150,448
JPEG_20160623_165834_1000687544587.png,138,629,167,303
JPEG_20160706_144020_1000475536135.png,65,549,150,308
1473664852854DeeplearnS11676.png,66,564,132,351
147324122416061031_XXX_v3.png,0,640,1,461
1474711754136DSC07406.png,52,640,165,407
147771849906620161028_155811.png,120,567,49,440
JPEG_20161201_154419_1000722717513.png,89,640,25,480
JPEG_20160630_120005_1000860021075.png,49,540,99,421
1472628633223w_peg_33_black_white_03.png,91,551,113,419
1473746554824IMG_0679.png,66,465,57,430
1473665013086DeeplearnS11753.png,38,602,128,332
JPEG_20160827_113759_1000526711615.png,125,588,18,456
1480965685159IMG_3083.png,210,443,194,423
1474723918206DSC07727.png,253,440,130,430
1473752423491IMG_1400.png,115,516,174,397
JPEG_20161124_171042_1000338527613.png,230,533,96,395
JPEG_20161203_130458_1000928738128.png,67,609,85,241
1475091793144IMG_1749.png,30,615,130,332
14581480050692.png,142,498,129,353
JPEG_20161130_154547_1000542198954.png,148,378,0,480
147772013861720161028_153015.png,41,572,96,288
JPEG_20161125_145847_1000732366037.png,134,512,34,431
1480315973491_R2A3123.png,225,432,51,449
1470988441458IMG_0008.png,39,552,11,441
JPEG_20160712_163527_1000677875069.png,200,512,94,346
1473659341298DeeplearnS11795.png,65,640,0,407
14582089735281A.png,219,448,24,454
JPEG_20161123_191707_1000803552481.png,57,610,157,328
147753677329220161026_121649.png,56,568,30,374
1480510384393IMG_0358.png,114,599,77,261
JPEG_20161127_174716_100043299534.png,230,409,40,380
JPEG_20161025_132757_1000171565488.png,61,555,140,362
147772068994820161028_163449.png,0,521,148,370
JPEG_20161007_135224_1000976831949.png,168,557,32,405
JPEG_20160624_105455_1000638135694.png,130,560,142,311
JPEG_20160723_180053_1000169953127.png,46,581,32,455
JPEG_20160608_114459_100016127313.png,158,544,116,362
JPEG_20161210_164808_1000477803584.png,199,433,117,433
JPEG_20160621_143531_100015283328.png,88,572,37,427
1472036827524CmJG0KXVEAAdMEd.png,15,600,24,413
JPEG_20160820_160913_1000321441734.png,239,378,136,456
1472628367783w_superfeet_outside_storm_05.png,214,425,205,442
JPEG_20160621_154153_1000419861837.png,88,569,109,392
JPEG_20161107_132729_100078813188.png,153,512,58,455
1475062163817DSC00227.png,47,573,97,397
JPEG_20161123_131407_1000820185413.png,178,541,7,480
JPEG_20161128_141802_1000558741804.png,208,421,17,399
JPEG_20160622_170509_1000126731288.png,37,595,39,387
JPEG_20161126_140257_100071980995.png,16,593,111,345
1475062139339DSC00224.png,233,439,90,430
1480067149027IMG_0180.png,73,531,218,377
JPEG_20161209_153852_1000472654802.png,244,370,205,371
JPEG_20160823_122310_1000938924943.png,97,507,49,409
147742479254020161025_143056.png,86,517,21,240
1471420805958IMG_20160810_210546.png,39,588,135,299
JPEG_20161028_150939_1000577926938.png,23,624,55,411
1473752418472IMG_1399.png,144,539,155,406
1475150682819DSC00498.png,245,459,179,425
147742563082420161025_164104.png,59,579,39,445
147771760135920161028_153652.png,47,551,175,378
JPEG_20160711_102050_100013776608.png,218,446,118,367
JPEG_20161129_142344_1000477400034.png,60,592,220,350
JPEG_20161209_140445_1000385943886.png,88,514,21,459
1468653161288JPEG_20160712_101235_1000232115969.png,229,415,60,473
1470812023890DSC_0074.png,80,640,6,464
147742566019020161025_164023.png,86,518,151,359
1480508586165IMG_0407.png,70,551,153,310
1470733269356DSC_0117.png,154,527,20,412
1480514193343IMG_0498.png,137,597,85,281
JPEG_20160706_125927_1000192700741.png,83,499,172,329
JPEG_20161210_130709_1000271314737.png,174,477,67,419
JPEG_20160712_112529_1000942140706.png,169,536,125,389
JPEG_20161025_132138_1000558374776.png,92,494,117,310
1471628065668Ray-Ban_sunglasses.png,46,589,103,376
JPEG_20160527_170202_1000404007369.png,74,516,57,435
1480067654931IMG_0163.png,118,545,99,289
1473664761702DeeplearnS11630.png,65,574,172,321
1475061461562DSC00322.png,91,552,38,414
1473750728660IMG_1044.png,97,587,156,396
JPEG_20160823_122840_100056974003.png,61,631,122,251
1468666377894JPEG_20160712_111500_1000866832603.png,178,595,111,366
1477450842206JPEG_20161025_121602_100072420307.png,65,564,145,334
JPEG_20160820_145243_1000661091780.png,203,412,63,408
1468390703751JPEG_20160630_171956_1000488398345.png,102,509,148,355
JPEG_20160513_152601_100051818395.png,175,490,11,480
1474723359270DSC07850.png,150,150,216,216
JPEG_20161118_184120_100095709488.png,139,576,127,356
JPEG_20160624_133150_1000842198140.png,204,575,44,345
1471430163685IMG_0511.png,90,446,151,342
1473664867908DeeplearnS11683.png,37,640,6,435
1473751035691IMG_1019.png,167,412,18,422
1473749594595IMG_1179.png,202,459,4,468
JPEG_20161127_173042_1000318423179.png,185,545,165,306
1468824558047JPEG_20160709_130409_1000485477179.png,48,514,29,462
JPEG_20160820_153120_1000470103243.png,250,439,58,453
JPEG_20160527_144355_1000754865609.png,181,481,0,480
JPEG_20160630_111727_1000899310484.png,143,494,46,408
JPEG_20161129_153427_1000334426091.png,127,514,8,480
JPEG_20160607_160926_1000781630842.png,100,515,58,434
1473749173633IMG_0425.png,192,366,18,460
1473239669812937_XXX_v1.png,32,616,135,377
1474715418439DSC08019.png,71,604,88,374
JPEG_20160621_154754_1000110599818.png,198,609,88,415
JPEG_20160624_153217_1000169360093.png,184,489,115,409
1473486790577DeeplearnS11944.png,64,575,127,345
JPEG_20160712_113304_1000455033657.png,188,456,62,432
JPEG_20161209_160436_1000960929110.png,201,525,185,300
1473752288054IMG_0742.png,10,640,153,411
JPEG_20161028_120451_1000654264583.png,90,533,136,283
JPEG_20161123_180639_1000932948154.png,247,430,0,394
147772263948420161028_161315.png,73,582,64,372
1473314824568DeeplearnS11747.png,39,604,172,337
1468559265421JPEG_20160629_140531_1000479431069.png,35,585,1,424
JPEG_20161119_144432_1000306981092.png,207,551,132,337
JPEG_20160625_164646_1000925777338.png,142,604,156,316
1472628964248w_molokini_ii_blk_grl_02.png,95,549,202,383
1474637090548DSC06802.png,95,589,29,410
1473664800608DeeplearnS11649.png,49,598,34,480
1468827975608JPEG_20160709_151843_1000693452130.png,17,497,67,269
1474639110569DSC06409.png,31,625,41,285
1475060108457DSC02385.png,35,628,91,453
JPEG_20161120_182149_1000554460764.png,176,442,1,401
JPEG_20160627_172806_100036129324.png,145,538,56,392
JPEG_20160607_143215_1000711802169.png,139,472,85,427
JPEG_20161208_142837_1000161129614.png,109,600,150,355
1472628649524w_peg_33_black_white_05.png,216,427,109,449
1468825486117JPEG_20160709_132941_1000616427083.png,45,495,9,480
JPEG_20160709_132118_1000288025739.png,134,608,7,462
1475151739684DSC00533.png,33,621,77,371
JPEG_20160630_133406_100081933202.png,104,532,78,359
1475156704495DSC01384.png,149,529,86,379
JPEG_20160530_172846_1000426045045.png,40,547,134,410
1480511383771IMG_0301.png,66,431,83,355
1473660918069DeeplearnS11291.png,0,580,58,407
1474724024259DSC07927.png,84,565,94,352
JPEG_20160218_200116_-2145517330.png,44,507,155,367
JPEG_20160711_135417_1000542256048.png,209,449,65,411
JPEG_20160621_123737_1000125045169.png,257,455,42,421
JPEG_20160625_155520_1000325506582.png,262,513,109,350
1475057997140DSC02332.png,141,508,62,392
JPEG_20161203_135628_1000749868966.png,96,436,14,480
JPEG_20160709_155838_1000987473611.png,12,618,160,319
JPEG_20160607_131848_1000315132023.png,64,487,74,361
JPEG_20161202_170951_1000641727954.png,73,605,124,391
JPEG_20161123_163814_1000330762750.png,271,372,8,438
JPEG_20160330_143712_2134900682.png,95,533,46,426
JPEG_20161203_134458_1000968901899.png,129,553,104,395
JPEG_20161124_160032_1000407733598.png,23,605,150,297
JPEG_20160513_165648_1000958793029.png,31,579,234,371
1468666035801JPEG_20160712_163527_1000677875069.png,191,524,88,362
JPEG_20160805_185332_1000689369697.png,5,637,18,349
147753562810220161026_114230.png,156,490,45,385
JPEG_20160706_171505_1000720926415.png,190,554,156,334
JPEG_20160904_115156_1000342704480.png,126,544,211,356
1474714163917DSC07378.png,271,485,149,446
JPEG_20160524_160022_1000916692843.png,163,427,38,458
147742621280220161025_141625.png,36,561,47,400
JPEG_20161126_132926_1000506416988.png,147,577,178,338
147772352647820161028_162358.png,52,587,178,358
1473665023974DeeplearnS11393.png,61,566,141,338
JPEG_20161124_152243_1000445967057.png,107,513,2,390
1473750757057IMG_1039.png,196,599,175,326
JPEG_20161129_173239_1000791438794.png,0,640,31,448
JPEG_20161107_151723_1000654960011.png,49,575,77,441
JPEG_20160526_171606_1000773291918.png,72,445,32,438
147324173844415.png,65,574,15,467
147323495469517.png,132,520,18,456
JPEG_20160629_170715_1000190369612.png,125,614,111,401
JPEG_20161116_204234_1000541917887.png,287,390,186,307
JPEG_20161121_174608_1000306136503.png,103,553,72,419
1473662740786DeeplearnS11586.png,64,591,133,350
JPEG_20161125_185834_1000593070440.png,114,429,180,332
JPEG_20161117_131750_100094682555.png,31,640,0,480
JPEG_20160709_132736_1000545753297.png,36,507,15,458
1473231458282DeeplearnS11284.png,54,579,175,331
JPEG_20161031_145614_1000213486436.png,57,630,122,362
JPEG_20161028_132939_1000221595095.png,116,457,174,370
JPEG_20160630_111218_1000178106157.png,104,593,116,367
JPEG_20161124_181729_1000667044512.png,138,476,107,396
147772120159320161028_170049.png,81,640,27,480
JPEG_20161126_174712_1000138489881.png,151,415,30,330
JPEG_20161210_160411_1000452754146.png,255,366,140,297
JPEG_20160624_110744_1000965132104.png,133,588,172,328
JPEG_20160627_173414_1000707226192.png,160,558,129,314
1480584207200IMG_20161129_210006.png,95,584,58,414
JPEG_20160318_162546_-1770164076.png,123,558,100,398
JPEG_20161117_174728_1000597471571.png,125,466,58,350
JPEG_20160712_104527_1000121499028.png,246,420,55,409
1480966469460IMG_3125.png,204,439,173,426
JPEG_20160920_162020_1000280583548.png,125,437,166,320
JPEG_20160622_164838_1000360066371.png,82,486,44,469
1473231710489DeeplearnS11409.png,63,581,127,357
JPEG_20161108_052622_1000289359298.png,32,543,140,327
147742625522020161025_141840.png,143,473,40,300
147324022037546707fam_XXX_v1.png,29,612,76,365
JPEG_20161121_194419_1000418686694.png,105,560,14,454
JPEG_20160628_134914_1000817158614.png,82,560,78,463
1480335666290_R2A3801.png,149,468,150,361
1474722941423DSC07857.png,251,470,44,392
JPEG_20160526_133116_1000671376638.png,70,524,49,424
JPEG_20160630_160421_1000162169326.png,221,440,97,397
JPEG_20160710_115801_1000142774921.png,54,546,0,466
JPEG_20161124_170824_1000563368737.png,213,522,84,417
147742637831220161025_162413.png,87,561,75,363
JPEG_20161118_144600_1000702069362.png,4,532,81,383
1473665007248DeeplearnS11751.png,28,600,134,343
1474723268175DSC07786.png,271,421,17,475
JPEG_20161007_152433_1000286646407.png,1,579,8,467
147754457919020161026_134943.png,40,566,58,348
JPEG_20161126_173550_1000722750209.png,105,537,28,404
1474711764670DSC07407.png,9,610,108,360
1475007338560DSC022391.png,118,392,71,385
1480339848497_R2A4241.png,193,425,131,367
1473231514488DeeplearnS11458.png,150,498,193,342
1474637615822DSC06460.png,16,599,107,385
1480508234620IMG_0419.png,36,509,117,363
1480511472123IMG_0324.png,104,469,77,324
1475159031858DSC06922.png,65,581,20,263
JPEG_20160715_115254_1000350964657.png,129,491,152,358
JPEG_20160627_163926_100040231812.png,233,546,111,356
JPEG_20160627_161928_1000929357443.png,168,532,135,379
1475152214430DSC00585.png,171,557,35,452
1472043063998w_superfeet_outside_bermuda_04.png,37,612,217,408
147771744706220161028_163547.png,65,552,18,442
JPEG_20160622_123728_1000737901440.png,131,423,75,371
JPEG_20161209_144402_1000294820247.png,0,463,0,480
1480655078621keytypesofaset-500x500.png,32,640,54,480
1472040855388w_lombok_black_patent_01.png,85,553,170,428
JPEG_20161007_133125_1000954812806.png,92,562,68,456
1475062112316DSC00205.png,242,402,27,460
JPEG_20161028_142218_1000229056320.png,31,622,58,301
147185857800320160817_145201.png,191,431,56,370
JPEG_20161129_151226_1000282772919.png,8,640,5,470
147443967957011472469737180-Roadster-Men-Black-Sneakers-4601472469737046-1.png,51,600,43,461
JPEG_20161127_180443_1000438185294.png,108,486,71,432
JPEG_20160526_124312_1000493670498.png,151,492,6,480
1473659836210DeeplearnS11849.png,61,567,157,330
JPEG_20160704_162537_1000279885825.png,126,503,88,390
JPEG_20161208_160153_1000941895788.png,73,537,96,379
JPEG_20161025_130123_1000127272338.png,35,558,70,431
JPEG_20160622_151041_1000797577307.png,124,599,99,356
1480942578955TotetecaModelShoot12550.png,30,604,124,322
1480583985986IMG_20161129_204721.png,51,635,114,360
1475156145124DSC07057.png,36,610,97,391
JPEG_20160820_164440_1000708162617.png,212,539,120,386
JPEG_20161207_170011_1000381854652.png,166,482,76,426
1474631111612DSC06189.png,55,587,120,327
JPEG_20160416_155802_1000171282698.png,257,554,73,444
JPEG_20161127_181559_100034723117.png,269,384,52,400
1473751415193IMG_0964.png,3,589,198,317
1475068631948DSC00063.png,131,486,95,304
1473665037663DeeplearnS11765.png,39,599,143,342
JPEG_20161007_143652_1000849089923.png,135,583,163,433
JPEG_20160525_135023_1000532677555.png,83,395,128,400
JPEG_20160624_105625_1000475404314.png,90,576,160,331
JPEG_20160820_151508_100027691784.png,57,598,146,305
JPEG_20160318_162656_-1424223868.png,78,600,61,410
JPEG_20161112_162837_100063556704.png,142,498,57,416
1473231306210DeeplearnS11347.png,74,640,2,425
JPEG_20160701_160823_1000850426558.png,106,537,154,329
147742619213720161025_143827.png,87,524,66,336
JPEG_20161121_160915_1000921306832.png,118,531,0,464
JPEG_20160621_142129_1000181034886.png,183,477,0,462
JPEG_20160704_155330_1000221376307.png,133,598,134,343
1470990827921IMG_0027.png,63,543,45,327
1475062231775DSC00301.png,229,438,71,420
JPEG_20161120_174634_1000305418585.png,42,640,152,341
JPEG_20161123_174354_1000202062033.png,270,340,4,387
JPEG_20160513_120740_1000188146871.png,27,539,192,355
JPEG_20160701_153906_1000741021393.png,175,455,165,300
147772066934920161028_163412.png,40,596,52,437
JPEG_20161126_165327_1000328657438.png,236,403,9,447
JPEG_20161126_145348_1000910481310.png,15,581,73,397
1480328038766_R2A3185.png,273,490,117,406
JPEG_20160820_162001_1000335688318.png,215,442,18,387
147333274351060127_XXX_v1.png,25,609,144,328
1468821226424JPEG_20160709_131211_1000785882191.png,124,445,45,377
147772447025820161028_164942.png,94,545,156,332
147444940954811473248951454-Roadster-Men-Tan-Solid-High-tops-Sneakers-5921473248951367-5.png,32,640,74,368
JPEG_20161201_171656_1000902673830.png,114,566,92,358
JPEG_20160416_155922_1000583966291.png,204,588,31,434
JPEG_20160527_131912_1000360500731.png,170,481,0,480
1474638979877DSC06397.png,19,611,106,370
JPEG_20161124_172952_1000503882648.png,104,470,104,421
1475152738947DSC00460.png,82,585,66,338
JPEG_20161208_150850_1000411719529.png,134,534,111,346
JPEG_20161208_150901_1000281937401.png,167,488,0,480
1475061352463DSC00193.png,237,430,67,396
1475152227733DSC00586.png,229,438,48,438
JPEG_20161119_145617_1000357759695.png,47,522,144,324
1480578715552E-mazingshawls29-11-201619210.png,31,541,41,427
JPEG_20160621_121726_1000974997981.png,241,413,70,427
1473486347804DeeplearnS11814.png,95,550,140,358
1480508389379IMG_0586.png,98,572,85,266
JPEG_20161207_151808_1000353109937.png,44,484,60,392
JPEG_20161207_172617_1000627495722.png,132,462,82,375
JPEG_20160709_163447_1000412353982.png,50,547,155,313
JPEG_20160713_145129_1000125910912.png,0,596,173,391
JPEG_20160608_140658_1000821781405.png,76,578,47,373
JPEG_20161028_140347_1000225728631.png,144,520,68,275
JPEG_20161119_181805_1000730234552.png,138,558,156,357
1474631006124DSC06011.png,110,544,68,410
1474723298903DSC07738.png,36,592,129,414
JPEG_20160628_124329_1000547097190.png,211,411,97,352
1473315335411DeeplearnS11639.png,56,581,103,334
1475152243816DSC00587.png,76,598,48,427
1473486784377DeeplearnS11940.png,60,591,187,337
JPEG_20160709_113656_1000115433963.png,30,612,165,291
1475062994469DSC00184.png,127,585,63,397
JPEG_20161124_185957_1000246260064.png,131,522,57,417
1474636411470DSC06295.png,21,595,117,351
JPEG_20160820_162454_1000300264212.png,121,560,204,302
JPEG_20160702_113828_1000481492674.png,98,555,134,319
JPEG_20160629_125749_1000278849411.png,163,466,101,418
JPEG_20160707_160409_100093722938.png,25,560,124,312
JPEG_20160526_142825_1000824276723.png,25,459,58,459
JPEG_20160527_153248_1000241072199.png,61,446,66,405
JPEG_20160712_133103_1000884235774.png,117,504,33,363
1473662579521DeeplearnS11555.png,88,640,0,406
1468494478083JPEG_20160525_135721_1000726517089.png,69,500,106,343
JPEG_20161207_165546_1000472981309.png,158,512,66,450
JPEG_20160513_170951_1000743920596.png,220,556,37,480
JPEG_20160724_114623_1000105283946.png,11,612,100,413
1474715109940DSC07904.png,296,443,11,450
1475058111699DSC02341.png,46,623,74,347
JPEG_20160625_121816_1000532029095.png,108,563,138,347
JPEG_20161124_161322_1000927801188.png,152,493,57,434
147185168184220160818_123816asdasd.png,148,537,6,476
JPEG_20161209_175557_1000200321855.png,201,462,31,388
1473664815814DeeplearnS11656.png,96,541,131,395
JPEG_20161210_125401_1000107950356.png,66,550,35,364
1468828018131JPEG_20160709_152348_1000224432120.png,74,578,83,324
JPEG_20161124_185636_1000504616616.png,97,462,45,439
JPEG_20160621_123630_100045959707.png,265,439,70,461
1474703217219DSC07167.png,47,602,79,344
JPEG_20160527_144647_1000993370827.png,150,412,0,480
JPEG_20161207_150035_1000718776514.png,0,640,16,480
1474637004111DSC06321.png,199,465,10,449
1473659689547DeeplearnS11830.png,116,640,0,395
1473751503206IMG_0905.png,175,543,10,457
JPEG_20160821_144738_1000560883733.png,181,486,39,360
JPEG_20160810_125815_1000373764830.png,161,506,125,434
JPEG_20160702_165741_1000307796787.png,36,572,116,402
1473231498898DeeplearnS11452.png,64,579,140,331
1480489122341IMG_20161129_184635.png,66,589,80,354
JPEG_20160701_154704_1000355755566.png,218,465,175,324
JPEG_20161208_170359_100045547547.png,257,358,23,395
JPEG_20161207_163755_1000280937490.png,119,336,0,308
JPEG_20161115_163040_1000406757757.png,68,592,124,400
1480954468256_R2A2222.png,225,425,309,406
1474715962861DSC07768.png,252,401,26,449
JPEG_20161201_123402_1000347662802.png,117,481,36,424
1480941044373_R2A1921.png,215,411,185,383
JPEG_20160527_153837_1000894315832.png,118,502,61,405
147742443134720161025_155948.png,124,470,168,349
1469616655193JPEG_20160625_105335_1000184144488.png,184,578,156,338
JPEG_20161119_163933_1000900660312.png,206,458,5,480
1473231721055DeeplearnS11413.png,90,544,144,356
1473751381073IMG_0956.png,20,597,176,312
147742453188420161025_155448.png,117,496,173,380
1473662904093DeeplearnS11361.png,51,587,136,347
JPEG_20160702_124516_1000714111851.png,161,461,90,385
JPEG_20161116_153412_1000479763768.png,99,430,0,480
147742613028420161025_162625.png,108,526,77,342
1474723994544DSC08116.png,59,610,42,418
JPEG_20160622_153049_1000680859072.png,129,430,89,405
JPEG_20160627_161257_1000245165230.png,183,470,72,378
1473326066273IMG_20160907_124738.png,121,508,10,461
JPEG_20160513_171021_1000694688430.png,75,400,18,480
JPEG_20161120_161044_100032006293.png,272,418,0,480
1469806087655bread-shot-banner.png,88,545,196,457
1475064201314DSC09879.png,57,608,125,364
147742537178520161025_161612.png,18,602,55,480
JPEG_20160622_150247_1000710776371.png,138,437,116,423
1475063108940DSC00136.png,91,553,56,417
JPEG_20160524_144918_1000188556894.png,184,640,0,480
1474638306144DSC06821.png,110,573,15,437
JPEG_20161126_171839_1000740313051.png,125,418,209,345
JPEG_20161116_162601_1000734171414.png,5,283,0,480
1480509322213IMG_0177.png,65,459,59,340
JPEG_20161127_175238_1000153995348.png,63,524,148,346
JPEG_20161124_162900_1000648677050.png,183,458,136,395
JPEG_20160625_132120_1000608522160.png,229,535,93,372
1480511572934IMG_0214.png,81,463,137,351
1480580183689E-mazingshawls29-11-201618531.png,83,529,76,442
JPEG_20161120_122543_1000411662036.png,0,334,116,362
147742613672220161025_160336.png,149,539,57,276
147444586202411467718714087-Roadster-Men-Olive-Green-Slip-Ons-2871467718713671-5.png,36,640,38,418
JPEG_20160702_161141_1000573957501.png,104,498,170,284
JPEG_20160513_111431_1000668673839.png,294,521,111,388
1473660306404DeeplearnS11940.png,62,590,180,342
JPEG_20160704_132628_1000953396920.png,173,447,151,295
1475157913553DSC07205.png,241,445,72,433
1475152830990DSC00677.png,270,434,14,468
147771966708720161028_162210.png,158,503,84,414
1473665047259DeeplearnS111334.png,101,566,75,393
JPEG_20160607_164931_1000789284745.png,187,452,58,381
JPEG_20161208_152150_1000689345750.png,86,580,108,452
JPEG_20160706_132058_1000477506130.png,124,495,159,307
1480970772293IMG_3430.png,229,464,269,404
1480579495372E-mazingshawls29-11-201618466.png,69,593,6,480
JPEG_20160709_025336_100033206546.png,204,448,58,409
JPEG_20160627_162718_1000989795639.png,252,387,78,464
1480067210563IMG_0118.png,89,495,209,366
1480492815035IMG_20161129_185303.png,60,582,77,375
JPEG_20161202_165839_1000220654540.png,164,476,10,445
JPEG_20160924_140057_1000101926417.png,102,607,81,404
JPEG_20161210_161222_1000366935477.png,149,488,47,389
147444576234011469617571963-Mast--Harbour-Women-Casual-Shoes-5141469617571783-2.png,186,358,18,461
JPEG_20161209_160642_1000815073863.png,67,567,255,440
JPEG_20160913_114948_1000114177421.png,65,547,109,396
JPEG_20160527_124954_1000880644871.png,68,522,81,398
1472040838998m_lone_peak_25_steel_03.png,87,557,101,426
JPEG_20160625_155222_100044385882.png,178,463,117,388
1480508330132IMG_0470.png,135,599,82,291
1473315089861DeeplearnS11499.png,94,530,161,354
JPEG_20161127_165222_1000538370651.png,220,404,20,341
1480961703245_R2A2450.png,225,468,128,401
147754182183020161026_131337.png,86,501,84,315
JPEG_20161124_150835_1000652475776.png,46,463,138,331
1480066542930IMG_0049.png,48,502,150,348
JPEG_20161126_180639_1000210843200.png,148,458,162,314
JPEG_20161121_195735_1000944634554.png,124,501,60,425
JPEG_20160625_165715_1000674020835.png,273,442,6,416
1475056741776DSC02288.png,59,599,50,436
JPEG_20161116_154731_1000378620652.png,175,563,36,416
JPEG_20160623_115946_1000959883186.png,194,540,180,268
JPEG_20161016_131541_1000339813539.png,62,556,26,457
JPEG_20160713_163737_1000603689753.png,54,609,66,395
JPEG_20161124_195500_1000385335298.png,133,384,101,350
JPEG_20161117_145643_1000697032848.png,121,492,33,415
JPEG_20161208_153356_1000911316786.png,158,560,137,338
1480655092114roundsilverpaperdish-500x500.png,5,571,6,460
JPEG_20161126_171014_1000871402409.png,75,581,127,332
JPEG_20161124_161844_1000202342291.png,29,618,125,384
JPEG_20160607_143125_1000620173433.png,217,464,83,397
JPEG_20161129_142108_1000362237221.png,8,583,11,480
1474711826524DSC07422.png,90,609,32,389
JPEG_20161208_162848_1000752855016.png,214,423,22,448
JPEG_20161203_181818_1000772213800.png,158,577,60,444
JPEG_20161128_140827_1000956816987.png,169,499,103,374
JPEG_20160805_191725_100017712660.png,31,613,92,400
JPEG_20161120_174001_1000130144668.png,133,542,156,346
1468656513662JPEG_20160712_105852_1000993455625.png,216,424,49,462
JPEG_20160630_133332_100033010236.png,176,514,72,347
JPEG_20160820_163853_1000278881041.png,203,445,75,437
JPEG_20161125_201922_1000428165269.png,162,469,164,289
1475008318659DSC020451.png,15,633,40,374
1475010367867DSC019911.png,27,619,105,367
JPEG_20161114_114955_1000158349532.png,179,491,80,410
1473314826850DeeplearnS11748.png,0,552,39,480
147771758048620161028_153641.png,37,621,42,327
1480332070559_R2A3383.png,277,506,120,430
JPEG_20161121_162011_1000659655902.png,20,590,180,322
JPEG_20160820_132010_100028275707.png,213,460,125,437
JPEG_20160608_171718_1000120871560.png,162,446,61,400
JPEG_20161121_190706_1000525977391.png,32,549,122,351
1474716472433DSC07928.png,140,594,85,403
14582152677251.png,38,601,118,362
1474631028961DSC06014.png,18,566,89,368
JPEG_20160823_121208_1000374232946.png,55,441,0,465
147772209786420161028_170503.png,13,315,60,468
JPEG_20161117_113045_1000899270003.png,80,523,20,452
JPEG_20160526_141323_100024713115.png,35,452,49,450
JPEG_20161125_170521_1000747517458.png,9,602,151,337
1473749179840IMG_0430.png,125,481,185,315
JPEG_20160624_122638_1000245816019.png,77,553,126,405
JPEG_20161205_151844_1000573194021.png,38,487,136,356
1474701560552DSC06958.png,21,582,148,366
JPEG_20161129_162818_1000193437691.png,28,596,150,288
JPEG_20160625_123231_1000732856083.png,92,551,96,391
JPEG_20160526_171132_100072364345.png,148,535,0,480
147772287470320161028_160029.png,23,546,168,337
1474712017407DSC07415.png,12,619,77,340
JPEG_20161120_151227_1000177163840.png,117,506,48,404
147771668800820161028_164215.png,0,520,168,480
JPEG_20161124_192851_1000962742559.png,150,561,1,478
1470811497568DSC_0067.png,95,536,32,426
1473231358019DeeplearnS11269.png,0,577,11,435
JPEG_20160622_110600_100079591215.png,159,511,101,385
JPEG_20161201_123036_1000356536389.png,32,625,172,338
JPEG_20161102_161031_1000188147644.png,297,464,10,465
JPEG_20161126_155118_1000513250542.png,216,472,103,415
JPEG_20161126_162918_1000370097421.png,75,546,123,375
JPEG_20161025_135515_1000880031593.png,44,445,186,384
1480970989852IMG_3447.png,190,466,40,456
1473231608095DeeplearnS11382.png,70,640,0,422
1472043124204w_superfeet_outside_storm_06.png,20,624,103,403
JPEG_20161116_144609_1000406978111.png,179,473,54,433
JPEG_20160625_153836_1000794206357.png,110,566,125,323
JPEG_20161119_164928_1000241754334.png,204,447,8,480
147742442016820161025_155937.png,62,493,87,336
1474636522912DSC06275.png,20,610,71,321
1480067502664IMG_0040.png,64,495,143,356
1473748115372IMG_0457.png,79,602,87,362
JPEG_20160630_115613_1000216228175.png,114,530,64,381
1469620200324JPEG_20160625_122705_1000405431524.png,115,530,147,342
JPEG_20161121_160647_1000223923965.png,56,640,0,480
JPEG_20160701_154616_1000181318956.png,217,410,133,249
JPEG_20161122_184545_1000328035827.png,42,530,0,480
147444916378611468932990177-DressBerry-Women-Brown-Pumps-3441468932989889-4.png,49,583,77,397
JPEG_20161202_162007_1000521718653.png,81,528,148,351
JPEG_20160702_131554_1000864299478.png,108,539,118,408
JPEG_20160624_163128_10009162141.png,80,471,197,305
JPEG_20160620_150956_1000378720527.png,87,581,121,392
1470747412236DSC_0259.png,101,510,4,478
147754024195320161026_135423.png,68,520,120,393
JPEG_20160711_162515_1000956272502.png,240,433,29,414
JPEG_20161201_135655_1000473737271.png,206,419,66,436
JPEG_20161126_181751_1000464683696.png,48,499,122,366
1480516249289E-mazingshawls29-11-201618272.png,99,573,0,480
JPEG_20160823_113450_100043664993.png,67,506,128,391
JPEG_20161124_135154_1000236305845.png,88,461,109,370
JPEG_20161123_184905_1000792261819.png,106,508,177,319
JPEG_20161118_174026_1000116386761.png,81,494,0,480
JPEG_20160511_162552_1000712386159.png,87,558,155,310
JPEG_20160526_142102_1000316855636.png,36,455,44,444
1474634173728DSC06054.png,31,569,62,330
JPEG_20161201_160337_1000731115387.png,126,510,10,465
JPEG_20160704_151243_1000202170693.png,168,527,117,351
1478947936434eMazingShawls3849.png,247,637,0,480
1468821316111JPEG_20160709_114942_1000787293600.png,151,432,140,428
JPEG_20160810_135812_1000882695677.png,199,469,136,365
1473486896893DeeplearnS11997.png,53,591,184,335
JPEG_20160706_141836_1000514057654.png,116,493,135,347
1474637936707DSC06844.png,38,614,65,311
JPEG_20161208_143956_1000889647963.png,11,639,132,432
147324125773962714_XXX_v2.png,9,640,13,480
1475063873217DSC00292.png,176,488,95,404
1473837680304DSC_5912.png,52,609,136,434
JPEG_20160702_121020_1000577165734.png,95,467,136,364
1473749474468IMG_1197.png,123,521,149,380
1474637046652DSC06327.png,20,518,125,326
JPEG_20161114_151649_1000604805256.png,154,405,12,462
1473315225421DeeplearnS11300.png,125,640,0,405
JPEG_20161118_173812_1000875613998.png,143,552,0,480
JPEG_20160318_163147_-1263894805.png,33,555,65,389
147772087764220161028_154230.png,40,636,194,385
JPEG_20161207_172014_1000962885301.png,119,474,14,395
JPEG_20160709_154436_1000893839289.png,27,556,81,364
JPEG_20160820_153518_1000850916563.png,203,426,81,469
JPEG_20160630_115213_1000753391953.png,108,475,45,385
JPEG_20160629_105827_1000310525612.png,215,399,115,383
JPEG_20161202_165902_1000359962772.png,166,478,28,460
1474711833472DSC07423.png,56,608,123,375
1480507391427IMG_0147.png,62,516,123,338
JPEG_20161123_180207_1000684362393.png,246,429,23,437
147185868920920160818_111649.png,0,640,43,296
JPEG_20160805_191314_1000638830807.png,7,568,105,480
JPEG_20160731_155151_1000261611607.png,33,588,1,432
1475157488991DSC07237.png,76,601,68,337
1475151183966DSC00453.png,18,620,93,395
JPEG_20161129_170723_1000523187865.png,91,569,66,439
1480508668166IMG_0537.png,152,574,54,237
147772054210920161028_170443.png,63,447,29,479
JPEG_20160527_153556_1000228980130.png,86,446,0,480
147771771233320161028_171006.png,55,553,150,347
JPEG_20160621_121645_1000697377434.png,249,459,44,442
1472040754913w_marina_black_blue_04.png,48,560,148,393
JPEG_20161203_154340_1000172552284.png,67,620,32,308
14732415830774a163bf518ce4ba7be6ea3881353827d_18.png,24,623,5,480
147323960543623.png,43,600,32,446
JPEG_20160622_162633_1000402962402.png,183,452,113,451
1474723434087DSC07753.png,223,412,100,406
1473665193565DeeplearnS11441.png,97,640,0,412
JPEG_20161126_183745_1000133447837.png,60,556,140,331
JPEG_20161126_172750_1000100397821.png,225,423,152,219
JPEG_20160810_152138_1000821719937.png,272,374,44,461
JPEG_20160820_131604_1000808672770.png,216,517,123,422
JPEG_20160607_143955_1000853993374.png,112,586,116,356
JPEG_20161201_153708_1000635009648.png,88,531,71,413
JPEG_20160621_123446_1000210850192.png,268,460,29,417
147340227481856682_XXX_v1.png,28,612,44,438
JPEG_20161208_151927_1000893150784.png,219,382,56,368
1480938910347_R2A1884.png,181,449,100,423
JPEG_20161124_151110_1000974649993.png,226,449,101,351
1480598358931_R2A5504.png,261,599,37,432
JPEG_20161202_173215_1000505949039.png,37,617,146,336
JPEG_20160524_145640_1000721275890.png,179,425,43,425
JPEG_20160527_154011_1000964531474.png,79,501,71,453
1475064215654DSC09880.png,23,593,94,339
JPEG_20160620_165539_1000878965985.png,196,561,183,307
JPEG_20160318_165920_-136603141.png,77,525,12,447
JPEG_20161119_144343_1000533642711.png,170,513,0,460
JPEG_20160831_145239_1000891330457.png,235,497,54,445
1475151419891DSC00554.png,229,403,5,469
JPEG_20160608_153130_1000844767704.png,32,454,24,433
1473750548122IMG_1068.png,128,538,198,323
JPEG_20160513_154551_1000344573471.png,31,624,66,418
JPEG_20160711_132610_100013602874.png,185,504,79,375
JPEG_20161124_160409_1000681605573.png,19,594,189,281
JPEG_20160702_140736_1000431879150.png,163,543,119,333
JPEG_20160717_213200_1000955483419.png,93,534,0,449
147339962500816458_XXX_v1.png,83,563,0,457
JPEG_20161117_184838_1000730767680.png,63,568,165,305
JPEG_20160513_151433_1000404013250.png,156,463,101,290
JPEG_20160709_154446_1000101561501.png,136,488,56,368
1475152703069DSC00621.png,52,606,30,432
JPEG_20161124_133808_1000139804662.png,194,395,7,450
1473750312049IMG_1106.png,70,588,103,334
1473752046766IMG_0811.png,120,544,170,397
1480336878779_R2A3934.png,225,421,24,445
JPEG_20160709_133622_1000909054936.png,68,510,19,474
JPEG_20160701_122300_1000816127063.png,36,423,91,403
1474633874909DSC06150.png,38,590,83,375
JPEG_20161124_171240_1000397475789.png,151,450,42,439
JPEG_20161129_130421_1000335830912.png,45,617,119,330
147444916681811469003628520-Mast--Harbour-Women-Black-Heels-7971469003628505-2.png,176,433,28,480
1480514279552IMG_0556.png,30,528,135,342
1480968121223IMG_3242.png,197,470,51,441
JPEG_20160627_154531_1000357990684.png,123,500,72,418
JPEG_20160428_110213_1000343235196.png,130,530,40,436
147742484455420161025_163002.png,133,528,139,318
147742629480720161025_155334.png,65,468,133,352
JPEG_20160513_151628_1000580201051.png,50,381,59,289
JPEG_20161123_182238_1000595882718.png,288,385,26,433
1480942805830_R2A1956.png,194,397,204,376
JPEG_20160706_114001_1000795746404.png,134,555,157,323
1475007248934DSC021781.png,26,594,105,396
JPEG_20161117_192359_1000348105592.png,189,547,147,326
JPEG_20160704_112735_1000426576203.png,205,425,116,368
JPEG_20161123_195516_1000642482997.png,206,505,26,449
147447268781011468991569240-DressBerry-Women-Brown-Pumps-2621468991569208-2.png,188,458,20,456
1474638705508DSC06813.png,264,454,53,433
147771830159920161028_155949.png,167,516,120,396
JPEG_20160701_122748_1000423891743.png,40,444,63,408
1470128431851Product3.png,201,449,48,413
1475007961193DSC020081.png,68,611,31,419
JPEG_20160707_162254_1000158014790.png,28,630,97,384
JPEG_20161126_203259_1000308607729.png,177,439,14,453
1474703209128DSC07166.png,40,558,35,447
JPEG_20160704_104748_1000480758150.png,121,558,76,448
JPEG_20160621_121359_100048151077.png,256,461,74,468
JPEG_20160821_145753_1000684453834.png,184,466,17,332
1480604833403_R2A5913.png,183,458,93,411
1473234985437937_XXX_v1.png,31,617,133,377
JPEG_20160318_172438_-878746564.png,53,591,130,331
1480066572371IMG_0051.png,125,540,132,354
JPEG_20160629_145927_1000608302788.png,109,469,139,292
JPEG_20161126_125124_1000674235926.png,61,443,140,344
JPEG_20160810_153056_1000545552237.png,249,393,22,453
JPEG_20160625_114707_1000185673294.png,93,485,160,320
JPEG_20160913_113317_1000552127520.png,45,640,96,380
1473486287097DeeplearnS11791.png,0,536,22,435
1470809007360DSC_0037.png,76,640,12,480
JPEG_20161126_175548_1000786987767.png,113,567,128,358
1473231509741DeeplearnS11455.png,56,579,143,333
JPEG_20160621_115618_1000434542179.png,213,412,65,441
JPEG_20161123_155935_1000296563189.png,170,434,31,387
JPEG_20160810_102736_1000866640242.png,159,479,135,362
1474639086646DSC06400.png,214,412,18,416
1480338316544_R2A4083.png,281,541,153,460
1475066885748DSC09998.png,259,423,26,445
JPEG_20161202_185237_1000356317526.png,122,509,27,430
JPEG_20161125_170537_1000243678908.png,149,488,5,444
1473665106024DeeplearnS11414.png,91,539,146,330
JPEG_20160820_102516_1000948132297.png,178,527,115,343
1470746885614DSC_0254.png,145,456,16,452
1480943527939_R2A1964.png,224,395,147,373
JPEG_20160524_155927_1000814849623.png,179,453,45,434
JPEG_20161123_163608_1000959615285.png,296,387,40,415
JPEG_20160810_165121_1000573839512.png,144,522,31,446
JPEG_20161116_154807_1000400616967.png,81,544,0,480
1473315100081DeeplearnS11507.png,70,640,0,420
JPEG_20161125_170052_1000533743466.png,162,461,62,454
JPEG_20161124_133638_1000698601479.png,53,602,70,434
JPEG_20161202_185358_1000622215315.png,113,505,0,444
1472042917257w_molokini_ii_blk_glry_04.png,92,530,216,374
JPEG_20161121_165342_1000355687140.png,0,640,89,364
1469615909755JPEG_20160625_110043_1000512036306.png,93,398,131,360
JPEG_20161028_140932_1000790230519.png,95,563,77,386
JPEG_20161129_180728_1000502008925.png,36,481,0,480
JPEG_20160627_154351_1000882387059.png,166,538,53,394
JPEG_20161121_195746_1000573940731.png,127,510,30,403
1473840611256DSC_6005.png,65,605,44,455
1480959246066ShinFashionSarees20322.png,8,585,144,401
JPEG_20161028_112205_1000316332315.png,33,538,145,316
JPEG_20161126_143517_1000212263001.png,83,514,161,337
1473486529506DeeplearnS11849.png,70,571,161,329
JPEG_20160628_132038_1000964123380.png,132,421,88,398
JPEG_20160810_165537_1000170411486.png,72,625,46,411
JPEG_20160702_161021_1000181428335.png,152,422,170,315
1472628403088zoom8.png,10,617,87,439
JPEG_20161110_155227_1000325761019.png,146,465,111,392
1473665131406DeeplearnS11421.png,73,579,174,346
JPEG_20161126_130142_1000588049688.png,135,476,130,361
JPEG_20161129_153311_1000754990698.png,55,557,61,440
JPEG_20161129_184327_1000158286866.png,72,569,151,368
JPEG_20161125_192415_1000504652105.png,119,521,148,345
JPEG_20160630_132340_1000135376634.png,41,486,150,314
JPEG_20160702_162006_1000531690443.png,155,550,154,271
JPEG_20161202_160019_1000217225893.png,44,534,52,432
JPEG_20161110_145523_1000682435288.png,223,277,66,422
147444585763211467718714128-Roadster-Men-Olive-Green-Slip-Ons-2871467718713671-3.png,93,532,66,421
1474633243594DSC05943.png,200,414,42,431
1475152364949DSC00609.png,241,383,17,454
JPEG_20160623_125137_1000456784559.png,239,358,58,367
JPEG_20161126_163154_100031588788.png,119,472,131,338
JPEG_20161128_170211_1000742020644.png,32,556,187,326
1475158940167DSC06914.png,44,583,44,318
JPEG_20161205_141235_1000297332948.png,0,640,0,419
147772061336320161028_154320.png,88,640,51,480
JPEG_20160608_131547_100058167771.png,134,533,97,367
JPEG_20160810_130703_1000888554831.png,97,614,162,276
JPEG_20160615_164316_1000110816742.png,99,597,105,435
JPEG_20160621_143047_1000763318412.png,104,585,132,314
JPEG_20161129_152942_1000955575129.png,190,593,0,470
JPEG_20160624_105326_1000955863986.png,140,581,160,321
1475007935112DSC020051.png,119,493,51,413
JPEG_20161120_124642_1000108194713.png,120,490,74,371
1473502340347IMG_20160910_151621.png,29,636,13,453
JPEG_20161209_153424_1000595592020.png,292,364,120,333
JPEG_20161028_110818_1000203788716.png,15,615,100,340
JPEG_20161130_164545_1000974266211.png,39,570,127,320
JPEG_20161125_144801_1000785995762.png,142,483,10,436
1473659935104DeeplearnS11870.png,47,597,130,353
JPEG_20161208_160553_1000622863627.png,93,581,0,408
JPEG_20161120_150632_1000438387640.png,61,531,157,335
1473747482864IMG_0558.png,6,632,79,362
JPEG_20161025_133636_1000605245911.png,55,520,101,380
147742564643220161025_163422.png,16,624,50,480
JPEG_20160712_161320_1000730481792.png,164,578,119,327
JPEG_20160625_122930_1000368690493.png,175,548,138,346
JPEG_20161123_181519_1000298149487.png,275,392,43,379
JPEG_20160709_134431_100041503421.png,102,486,10,443
JPEG_20161130_140516_1000319264586.png,37,536,94,376
JPEG_20161121_193125_100038229300.png,174,463,60,440
147742446965020161025_160233.png,46,521,163,375
1474637655808DSC06465.png,26,616,73,399
JPEG_20160624_102550_1000172508631.png,75,563,122,324
1468665239667JPEG_20160712_111256_1000189804123.png,174,481,34,409
JPEG_20160704_112408_1000698065231.png,133,533,108,347
JPEG_20161129_164219_1000579998797.png,3,640,7,480
JPEG_20160619_172517_1000396472216.png,21,605,45,333
JPEG_20161123_173306_100039958934.png,304,380,43,420
JPEG_20161117_130529_1000948704599.png,127,535,147,339
JPEG_20160907_152201_1000224409869.png,52,548,142,308
JPEG_20161121_101155_100045255047.png,186,514,51,432
1474637958708DSC06854.png,226,450,16,424
14732397171831305fam_XXX_v1.png,24,609,81,369
1474724228282DSC08147.png,153,480,65,439
JPEG_20161209_175053_1000525603009.png,269,359,18,425
1473231378089DeeplearnS1164.png,0,602,3,473
1473314694105DeeplearnS11716.png,25,613,153,369
JPEG_20160627_173922_1000490341102.png,247,546,131,360
JPEG_20160607_190025_1000144045520.png,108,612,143,369
JPEG_20160629_105243_1000185488924.png,168,439,143,325
JPEG_20161116_182607_1000297344844.png,53,566,1,480
JPEG_20161119_123804_1000937693509.png,184,423,11,395
1480509150229IMG_0293.png,114,597,63,272
JPEG_20160607_151357_1000825183772.png,105,538,67,391
1473659374668DeeplearnS11804.png,48,608,168,337
1475008123326DSC020371.png,16,609,118,434
JPEG_20160625_132608_1000947840902.png,206,577,149,334
147742476714020161025_144655.png,98,505,133,321
JPEG_20161126_120258_1000191595318.png,94,532,62,437
JPEG_20160623_162052_1000733716266.png,59,429,156,349
JPEG_20161025_122839_1000250709621.png,128,542,56,303
JPEG_20160827_114047_1000708689968.png,39,609,44,387
JPEG_20161118_133439_100077317464.png,203,482,0,480
JPEG_20160607_143756_1000733508973.png,126,521,133,397
JPEG_20160608_113609_1000895835711.png,162,452,36,374
JPEG_20160629_141943_1000607815536.png,109,606,140,304
JPEG_20160627_161734_1000315328617.png,169,535,137,387
JPEG_20160621_102538_1000621827437.png,123,545,131,394
1481181894817DSCF6258.png,91,354,63,363
1475007907665DSC022341.png,47,570,106,384
JPEG_20161028_113743_1000275161121.png,30,629,11,426
JPEG_20160621_123321_1000484068975.png,237,423,77,461
JPEG_20161210_155658_1000848514577.png,269,334,72,378
JPEG_20161209_181019_1000750412271.png,140,595,183,350
1480511904425IMG_0127.png,88,511,121,373
JPEG_20160301_193330_-1044895673.png,81,568,98,447
147754428839920161026_133402.png,98,489,149,340
JPEG_20161019_184513_1000930125673.png,20,586,122,432
JPEG_20161121_193856_1000541129858.png,124,509,109,435
JPEG_20161124_130319_1000449294404.png,157,426,84,294
JPEG_20161007_140732_1000952114271.png,24,551,121,330
1473501993177IMG_20160910_145542.png,40,607,42,380
JPEG_20160623_142247_100023074655.png,29,489,129,372
JPEG_20161123_200032_1000723832442.png,8,565,57,305
147772310810720161028_165005.png,59,518,121,410
JPEG_20161124_134419_1000599373716.png,122,503,99,338
JPEG_20160808_140501_100011392508.png,149,497,137,348
1473659274822DeeplearnS11785.png,50,595,120,330
JPEG_20161126_164750_1000905195599.png,32,145,64,406
1473749540131IMG_1186.png,254,428,89,455
JPEG_20160704_124705_1000600316437.png,84,485,153,309
1473840351317DSC_5994.png,52,594,136,424
JPEG_20161207_172741_1000986907636.png,156,474,99,375
1474631495636SHOEHZH7RJSJUGAC_1.png,170,486,9,473
JPEG_20160629_140419_1000847196877.png,103,489,75,360
JPEG_20161208_172234_1000497104200.png,176,624,131,347
JPEG_20160608_145031_1000623638039.png,0,640,0,464
JPEG_20161117_183546_1000184039500.png,147,486,18,415
1473662519522DeeplearnS11537.png,83,640,0,422
JPEG_20160526_142840_1000736291225.png,135,502,28,480
JPEG_20161202_162623_1000290100615.png,97,519,67,421
JPEG_20161210_132255_1000933687028.png,219,432,79,360
JPEG_20161125_173459_100029359701.png,88,548,132,395
JPEG_20160701_164055_1000485529828.png,85,537,168,309
1475159181874DSC06946.png,232,457,73,422
JPEG_20160318_171615_1758210139.png,65,567,148,321
JPEG_20160912_153033_1000614465143.png,69,569,92,408
JPEG_20160526_150224_1000667677620.png,30,629,66,452
14716280832594.png,279,365,40,434
1474640529865DSC07052.png,23,590,27,273
JPEG_20160709_121102_100071827277.png,41,585,170,308
JPEG_20161130_130707_1000478559240.png,122,438,34,441
JPEG_20160704_104409_1000717264479.png,62,569,164,466
JPEG_20161121_200840_100093571118.png,33,529,127,335
JPEG_20160706_104645_1000257959039.png,156,457,175,301
1474637037891DSC06325.png,23,591,53,353
JPEG_20161118_142636_1000445007075.png,18,569,116,480
1480931860447_R2A1794.png,179,417,78,430
JPEG_20160627_104127_1000100094771.png,143,497,81,325
1474638100592DSC06446.png,75,579,41,427
JPEG_20161210_143302_1000688167952.png,234,336,225,399
1473316498917DeeplearnS11677.png,20,640,0,421
147772156947420161028_165345.png,76,640,47,475
JPEG_20160625_140114_100029893458.png,168,609,159,336
JPEG_20160625_132218_1000204111667.png,187,537,100,380
JPEG_20161205_152155_1000887352568.png,81,392,211,317
1480496949217IMG_20161129_185825.png,85,624,97,342
1473665098142DeeplearnS11412.png,96,543,188,322
JPEG_20161110_155112_1000316115944.png,175,512,134,435
JPEG_20160530_144616_1000285118015.png,92,590,100,397
JPEG_20161118_135532_1000189792000.png,21,605,117,363
JPEG_20160711_172613_1000778897847.png,233,458,15,451
JPEG_20160625_140651_100073100391.png,217,544,120,382
147771808695120161028_171433.png,35,543,64,366
1468559080376JPEG_20160623_145058_1000474910974.png,60,564,78,408
JPEG_20161130_175306_1000638167054.png,0,534,134,344
1475064344712DSC00256.png,116,552,4,472
JPEG_20160630_170856_1000826485741.png,121,466,146,361
1480508257859IMG_0421.png,48,518,169,348
